{"IcoMoonType":"selection","icons":[{"icon":{"paths":["M450.939 573.061l-450.939-450.939 112.768-112.768 789.111 789.111 789.111-798.597 112.768 112.768-901.879 911.232-112.768-112.768z"],"attrs":[{"fill":"rgb(255, 255, 255)"}],"width":1804,"isMulticolor":false,"isMulticolor2":false,"grid":0,"tags":[""]},"attrs":[{"fill":"rgb(255, 255, 255)"}],"properties":{"order":51,"id":0,"name":"uniE903","prevSize":32,"code":59651},"setIdx":0,"setId":11,"iconIdx":0}],"height":1024,"metadata":{"name":"icomoon"},"preferences":{"showGlyphs":true,"showQuickUse":true,"showQuickUse2":true,"showSVGs":true,"fontPref":{"prefix":"icon-","metadata":{"fontFamily":"icomoon"},"metrics":{"emSize":1024,"baseline":6.25,"whitespace":50},"embed":false,"autoHost":true},"imagePref":{"prefix":"icon-","png":true,"useClassSelector":true,"color":0,"bgColor":16777215,"classSelector":".icon","name":"icomoon","height":32},"historySize":50,"showCodes":true,"gridSize":16,"quickUsageToken":{"UntitledProject":"ZDZkYjUzYjU3ZTZmMjI1YjlhNDI2MjEzMDc2NTM1ZjUjMSMxNjM0ODM2NzY0IyMjMWQ5MjA2ZDJlYjg0"}}}